<!-- Copyright (C) 2018 Google Inc. All Rights Reserved.

FirebaseDatabase iOS and Android Dependencies.
-->

<dependencies>
  <iosPods>
    <iosPod name="Firebase/Database" version="7.5.0" minTargetSdk="10.0">
    </iosPod>
  </iosPods>
  <androidPackages>
    <androidPackage spec="com.google.firebase:firebase-database:19.6.0">
    </androidPackage>
    <androidPackage spec="com.google.firebase:firebase-analytics:18.0.2">
    </androidPackage>
    <androidPackage spec="com.google.firebase:firebase-database-unity:7.1.0">
      <repositories>
        <repository>Assets/Firebase/m2repository</repository>
      </repositories>
    </androidPackage>
  </androidPackages>
</dependencies>

